"","title"
"1"," immortels "
"2"," revolution"
"3","aaaosw"
"4","aaoswadvemypq"
"5","aaoswvcheovhm"
"6","aaron"
"7","abebooks"
"8","abel"
"9","abel+bonnard"
"10","abels"
"11","abetz"
"12","abstient"
"13","abteilung"
"14","academia"
"15","accademia"
"16","achenbach"
"17","achille"
"18","actualisables"
"19","adam"
"20","adolf"
"21","adolphe"
"22","adonnant"
"23","adoubement"
"24","adriatique"
"25","aelberts"
"26","aeternum"
"27","afghanistan "
"28","afrique"
"29","agnes"
"30","agreges "
"31","aicard"
"32","ajaccien"
"33","ajaccio"
"34","ajalbert"
"35","alain"
"36","alamy"
"37","alastair"
"38","albano"
"39","albert"
"40","albertini"
"41","alberto"
"42","albin"
"43","albinois"
"44","albrecht"
"45","alcibiade"
"46","aldobrandino"
"47","alengry"
"48","alexandre"
"49","alexis"
"50","alfassa"
"51","alfred"
"52","alger"
"53","allemande "
"54","aloysius"
"55","alphonse"
"56","alpina"
"57","alsace"
"58","altana"
"59","alviset"
"60","alys"
"61","amatrice"
"62","amedee"
"63","america"
"64","amerique"
"65","amiot"
"66","ancora"
"67","andalousie"
"68","andre"
"69","andromaque"
"70","andromede"
"71","angiolo"
"72","angleterre"
"73","anglo"
"74","animo"
"75","anna"
"76","anne"
"77","annunzio"
"78","ans "
"79","anschluss"
"80","anselmini"
"81","anthropo"
"82","anti"
"83","antibolcheviks"
"84","antibolchevique"
"85","antijuive"
"86","antirationalisme"
"87","antoine"
"88","antoinette"
"89","antonin"
"90","apollinaire"
"91","apparentent"
"92","applications "
"93","appolon"
"94","aragon"
"95","araigne"
"96","arbos"
"97","archainbaud"
"98","archibattu"
"99","archivio"
"100","archon"
"101","ardel"
"102","argumentee"
"103","ariccia"
"104","aristide"
"105","arlant"
"106","arletty"
"107","armand"
"108","arncora"
"109","arno"
"110","aron"
"111","aronien"
"112","arthur"
"113","asche"
"114","asche "
"115","asiate"
"116","asiates"
"117","asie"
"118","athenes"
"119","auch"
"120","augm"
"121","aujourd"
"122","auphand"
"123","aurevilly"
"124","ausweiss"
"125","auteuil"
"126","autographea"
"127","automne "
"128","autre "
"129","avalon"
"130","avantageu"
"131","avezou"
"132","avre"
"133","azema"
"134","babouinerie"
"135","baglioni"
"136","bahia"
"137","bailly"
"138","bainville"
"139","bainvillienne"
"140","bale"
"141","baleares"
"142","banyuls"
"143","barbara"
"144","barbey"
"145","barbusse"
"146","barcelone"
"147","bario"
"148","barnebys"
"149","barresien"
"150","barresienne"
"151","barthelemy"
"152","bartillat"
"153","baruch"
"154","bastelica"
"155","baudelaire"
"156","baudrillart"
"157","baunard"
"158","bcra"
"159","bearn"
"160","beauchesne"
"161","bebert"
"162","beckfordien"
"163","bedarida"
"164","belessort"
"165","belfort"
"166","belgrade"
"167","belin"
"168","bellay"
"169","bellenand"
"170","bellesort"
"171","bellessort"
"172","belot"
"173","belotte"
"174","benda"
"175","benielli"
"176","benjyazoulay"
"177","benoist"
"178","berard"
"179","beraud"
"180","berg"
"181","bergame"
"182","bergerat"
"183","bergery"
"184","bergson"
"185","berl"
"186","berlin"
"187","bernard"
"188","bernhard"
"189","bernhardt"
"190","bernstein"
"191","berr"
"192","berstein"
"193","bertaut"
"194","bertrand"
"195","besancon"
"196","besnard"
"197","bestaux"
"198","betz"
"199","beuve"
"200","beyle"
"201","bibelot "
"202","bibeloterie"
"203","bibesco"
"204","bichelonne"
"205","bidou"
"206","bienne"
"207","bilis"
"208","billancourt"
"209","billig"
"210","billis"
"211","billy"
"212","biographie "
"213","biographique "
"214","biography"
"215","bixio"
"216","bizardel"
"217","blas"
"218","blob"
"219","bloch"
"220","blogs"
"221","blum"
"222","boal"
"223","bodenstein"
"224","boegner"
"225","boeguer"
"226","boissiere"
"227","boissy"
"228","bolchevique"
"229","bolcheviques"
"230","bologne"
"231","bolzano"
"232","bonaparte"
"233","bonard"
"234","bonarien"
"235","boninchi"
"236","bonnad"
"237","bonnard"
"238","bonnard "
"239","bonnardien"
"240","booz"
"241","borel"
"242","borghese"
"243","borgo"
"244","boudon"
"245","boulenger"
"246","boulogne"
"247","bourderon"
"248","bourdet"
"249","bourdieu"
"250","bourgeois "
"251","bourget"
"252","bourgoin"
"253","bourquin"
"254","bousquet"
"255","boutillier"
"256","boutisme"
"257","boutiste"
"258","brac"
"259","brana"
"260","brasillach"
"261","braudel"
"262","brechot"
"263","breker"
"264","breker "
"265","bremer"
"266","bremond"
"267","brerker"
"268","brescia"
"269","brest"
"270","bretagne"
"271","briand"
"272","briandisme"
"273","bridoux"
"274","brilhac"
"275","brindisi"
"276","brinon"
"277","brissaud"
"278","brocart"
"279","broglie"
"280","brossolette"
"281","brousson"
"282","brunetiere"
"283","brutus"
"284","bruxelles"
"285","bucard"
"286","buffon"
"287","bunyes"
"288","burrin"
"289","byronien"
"290","cachan"
"291","caen"
"292","cahen"
"293","caillaux"
"294","cain"
"295","calinement"
"296","calle"
"297","callu"
"298","calmann"
"299","calmette"
"300","camargo"
"301","cambridge"
"302","canaletto"
"303","canali"
"304","canaries"
"305","candace"
"306","cantillon"
"307","capitale "
"308","capitant"
"309","captable"
"310","carasso"
"311","carco"
"312","carcopinienne"
"313","carcopino"
"314","carcopino "
"315","cardonnel"
"316","carl"
"317","carlo"
"318","carpaccio"
"319","carricature"
"320","carteron"
"321","casablanca"
"322","casanova"
"323","cassou"
"324","castellane"
"325","castelot"
"326","casterman"
"327","cathala"
"328","catherine"
"329","catulle"
"330","cauchon"
"331","cazes"
"332","cazin"
"333","cdxxviii"
"334","cecile"
"335","cedric"
"336","celine"
"337","celiniennes"
"338","cendres "
"339","chabord"
"340","chack"
"341","chaigne"
"342","chaillot"
"343","chambrun"
"344","chang"
"345","chardonne"
"346","charlemagne"
"347","charles"
"348","charlottenbourg"
"349","chasseigne"
"350","chaumeix"
"351","chaumont"
"352","chenier"
"353","cherau"
"354","cherbourg"
"355","chevassu"
"356","chevrillon"
"357","chicago"
"358","chimenes"
"359","chino"
"360","chintreuil"
"361","chongqing"
"362","chour"
"363","chours"
"364","christel"
"365","christian"
"366","christine"
"367","christophe"
"368","churchill"
"369","ciblant"
"370","ciceron"
"371","ciencias"
"372","circuitant"
"373","city"
"374","civilisationnel"
"375","civilization"
"376","clair "
"377","claude"
"378","claudel"
"379","clavreuil"
"380","clemenciste"
"381","clerget"
"382","clermont"
"383","clock"
"384","cloud"
"385","cnrs"
"386","coat"
"387","cobelligerance"
"388","cocteau"
"389","cognacq"
"390","cohen"
"391","cointet"
"392","colas"
"393","colette"
"394","coll"
"395","collaborante"
"396","collaborateurs "
"397","collaborationism"
"398","collaborationnisme"
"399","come"
"400","comissaire"
"401","comoedia"
"402","completude"
"403","compos"
"404","compostelle"
"405","comtoises"
"406","concomitamment"
"407","condette"
"408","confuceennes"
"409","confucius"
"410","constantin"
"411","constantinople"
"412","contemporary"
"413","cook"
"414","copee"
"415","coppee"
"416","corcy"
"417","corot"
"418","corrispondenti"
"419","corrispondenza"
"420","cortot"
"421","cosmo"
"422","costabelle"
"423","coston"
"424","cottinet"
"425","coty"
"426","couchers"
"427","couissin"
"428","coulanges"
"429","courier"
"430","cracovie"
"431","crapulard"
"432","craquantes"
"433","cremieux"
"434","crespeles"
"435","croisset"
"436","cryptographe"
"437","dabel"
"438","dakar"
"439","dalmatie"
"440","daniel"
"441","dante"
"442","danube"
"443","daragnes"
"444","dario"
"445","darlan"
"446","darnand"
"447","darquier"
"448","daru"
"449","daudet"
"450","dauture"
"451","david"
"452","dboaaoswm"
"453","deat"
"454","debresse"
"455","decaudin"
"456","decredibilisent"
"457","defaite "
"458","defigur"
"459","degrelle"
"460","delacroix"
"461","delaunay"
"462","delille"
"463","dell"
"464","della"
"465","delporte"
"466","delvincourt"
"467","demartini"
"468","denoel"
"469","depaysants"
"470","derain"
"471","derennes"
"472","deroulede"
"473","desbordes"
"474","descartes"
"475","desforges"
"476","deshayes"
"477","desillusions "
"478","despax"
"479","desperouses"
"480","despiau"
"481","destouches"
"482","deterna"
"483","devoilerons"
"484","diagne"
"485","dicac"
"486","dichtertreffen"
"487","didot"
"488","diesbach"
"489","dioudonnat"
"490","dirk"
"491","dismas"
"492","disqualifiante"
"493","ditions"
"494","divoire"
"495","dmd="
"496","donn"
"497","donnay"
"498","dorchain"
"499","dorgeles"
"500","dorgeres"
"501","dorgerisme"
"502","doriot"
"503","doriotisme"
"504","doriotiste"
"505","doriotistes"
"506","dorleac"
"507","dorsoduro"
"508","dortmund"
"509","douglas"
"510","doumic"
"511","douzou"
"512","downs"
"513","dreyfus"
"514","dreyfusiste"
"515","drieu"
"516","drouant"
"517","drumont"
"518","dubois"
"519","duby"
"520","duchesne"
"521","ducros"
"522","dufay"
"523","dufief"
"524","dufour"
"525","duhamel"
"526","dumaaoswotjemyq"
"527","dumont"
"528","dunkerque"
"529","dunoyer"
"530","dupuy"
"531","durand"
"532","during"
"533","durry"
"534","dusseau"
"535","duvernois"
"536","easton"
"537","eaubonne"
"538","ebay"
"539","eberhard"
"540","eclair "
"541","ecole "
"542","ecourant"
"543","ecria"
"544","ecrivains "
"545","edgard"
"546","edmond"
"547","edouard"
"548","egos"
"549","ehcko"
"550","einaudi"
"551","elenco"
"552","elisabeth"
"553","elsa"
"554","elysees"
"555","emblee"
"556","embrun"
"557","emery"
"558","emile"
"559","emilio"
"560","emmanuel"
"561","emmanuelle"
"562","empaleur"
"563","empressa"
"564","emyin"
"565","encor"
"566","enculer"
"567","encyclopadia"
"568","eneas"
"569","enfance,"
"570","enim"
"571","entr"
"572","envi"
"573","envolait"
"574","eoiaaoswbi"
"575","epstein"
"576","epting"
"577","erebe"
"578","eric"
"579","ernest"
"580","ernst"
"581","eschmann"
"582","eschyle"
"583","esperey"
"584","ethno"
"585","etienne"
"586","etrangeres "
"587","eugene"
"588","europaisches"
"589","europe"
"590","europe "
"591","european"
"592","europeiste"
"593","evertue"
"594","evisa"
"595","excelsior"
"596","excipit"
"597","eyck"
"598","fabre"
"599","fabregues"
"600","faguet"
"601","faidherbe"
"602","faivre"
"603","falize"
"604","fanny"
"605","farnese"
"606","farrere"
"607","fasciste "
"608","fasquelle"
"609","faustine"
"610","fcaa"
"611","fcljpsb"
"612","febvre"
"613","feld"
"614","feldgrau"
"615","feldkirch"
"616","felix"
"617","fels"
"618","fenice"
"619","ferdinand"
"620","fernand"
"621","fernandez"
"622","ferrare"
"623","ferro"
"624","fheou"
"625","fiaschi"
"626","fimaaoswwfleotkh"
"627","finkielkraut"
"628","firdousi"
"629","firmin"
"630","fishman"
"631","five"
"632","flammarion"
"633","flaubert"
"634","flers"
"635","flori"
"636","florian"
"637","florissait"
"638","foch"
"639","focillon"
"640","fondamenta"
"641","fondazione"
"642","fontenay"
"643","forcioli"
"644","forciolo"
"645","form"
"646","formaggio"
"647","fostine"
"648","fouquieres"
"649","fourcade"
"650","fraigneau"
"651","fran"
"652","francais "
"653","francaise "
"654","francaises "
"655","france "
"656","francfort"
"657","franchet"
"658","francis"
"659","franck"
"660","francois"
"661","francoise"
"662","frankreichs"
"663","fred"
"664","frederic"
"665","french"
"666","friedrich"
"667","frieser"
"668","from=r"
"669","frontalement"
"670","ftrt="
"671","ftrv="
"672","fustel"
"673","gabolde"
"674","gabriac"
"675","gabriel"
"676","gabriele"
"677","gael"
"678","gaetan"
"679","gahisto"
"680","gait"
"681","gaite"
"682","galleria"
"683","galles"
"684","gallica"
"685","gallimard"
"686","gallinacee"
"687","galtier"
"688","gambetta"
"689","gand"
"690","garcia"
"691","gard"
"692","gaspard"
"693","gaston"
"694","gauche "
"695","gauleiter"
"696","gaulle"
"697","gautier"
"698","gaveau"
"699","gaxotte"
"700","gegaaosweefemaso"
"701","gege"
"702","geistiges"
"703","gendrillon"
"704","geneanet"
"705","geneve"
"706","genevois"
"707","gentile"
"708","geolocalisee"
"709","george"
"710","georges"
"711","georgin"
"712","gerard"
"713","gerhard"
"714","gerlach"
"715","germano"
"716","germanophilie"
"717","germanophobie"
"718","gers"
"719","gersaint"
"720","gestapete"
"721","gestapette"
"722","gestapetteries"
"723","gestapettes"
"724","gestapo"
"725","getty"
"726","ghislain"
"727","gibrat"
"728","gigandet"
"729","gilbert"
"730","gildon"
"731","gillouin"
"732","ginzburg"
"733","giolitto"
"734","gionien"
"735","gionienne"
"736","giovanni"
"737","gisele"
"738","gisent"
"739","github"
"740","giunti"
"741","giuseppe"
"742","glasgow"
"743","gobineau"
"744","gobiniste"
"745","goebbels"
"746","goering"
"747","goethe"
"748","goff"
"749","goffic"
"750","golile"
"751","goncourt"
"752","gonse"
"753","goubert"
"754","gould"
"755","gourmont"
"756","gouv"
"757","goyau"
"758","gramont"
"759","grancher"
"760","grappa"
"761","greco"
"762","gregh"
"763","gregoire"
"764","grenoble"
"765","greuze"
"766","grez"
"767","grimal"
"768","gringoire"
"769","grosclaude"
"770","guangzhou"
"771","guard"
"772","guerard"
"773","guerin"
"774","guermantes"
"775","guerre "
"776","guiseppe"
"777","guitard"
"778","guitry"
"779","guizot"
"780","hahn"
"781","halevy"
"782","hamilton"
"783","handourtzel"
"784","hang"
"785","hangzhou"
"786","hash=item"
"787","hauck"
"788","hautecour"
"789","hazard"
"790","hedwige"
"791","heil"
"792","heinich"
"793","heinz"
"794","helene"
"795","heller"
"796","henri"
"797","henriette"
"798","henriot"
"799","henriot "
"800","herault"
"801","heredia"
"802","hermant"
"803","herne"
"804","herold"
"805","hervieu"
"806","hindus"
"807","hippolyte"
"808","historical"
"809","historiographies "
"810","historiographique"
"811","historique "
"812","history"
"813","hitler"
"814","hitlerophile"
"815","hitlerophilie"
"816","hoffmann"
"817","hohenzollern"
"818","homere"
"819","hominem"
"820","homophobes"
"821","homosexuality"
"822","hong"
"823","horace"
"824","horay"
"825","houville"
"826","hsien"
"827","html"
"828","http"
"829","https"
"830","hubert"
"831","hugo"
"832","hui "
"833","humensis"
"834","hyeres"
"835","hyperactivite"
"836","hypokhagne"
"837","ibid"
"838","icelle"
"839","ideologiquement"
"840","idref"
"841","iena"
"842","iguacu"
"843","iiaaoswgc"
"844","iii "
"845","iiie"
"846","illusions "
"847","imec"
"848","impr"
"849","inatheque"
"850","indochine"
"851","inenvisageable"
"852","infrekentables"
"853","insee"
"854","institutionnellement"
"855","interlaken"
"856","intertexte"
"857","introuvable "
"858","ioannis"
"859","ipg="
"860","irminsul"
"861","ivan"
"862","jackel"
"863","jackson"
"864","jacob"
"865","jacobs"
"866","jacqueline"
"867","jacues"
"868","jahrhundert"
"869","jammes"
"870","jannekeyn"
"871","janson"
"872","jaujard"
"873","jaures"
"874","jeanne"
"875","jeanneret"
"876","jefferson"
"877","jeremie"
"878","jerome"
"879","jeunesse "
"880","joachim"
"881","jocelyn"
"882","joelle"
"883","john"
"884","jojo"
"885","joly"
"886","jonquieres"
"887","jose"
"888","josee"
"889","josef"
"890","josette"
"891","jouhandeau"
"892","jouhaud"
"893","journal "
"894","jouvenel"
"895","juanesques"
"896","judeo"
"897","juifs "
"898","julian"
"899","juliette"
"900","julliard"
"901","junger"
"902","juponniere"
"903","justice "
"904","kampf"
"905","karl"
"906","karlstrasse"
"907","kauffmann"
"908","kebir"
"909","kemp"
"910","kemper"
"911","kendall"
"912","keou"
"913","khrouchtchev"
"914","king"
"915","kipling"
"916","knittel"
"917","knopf"
"918","kolb"
"919","kommandos"
"920","kong"
"921","kontre"
"922","kontrekulture"
"923","konvitz"
"924","krugg"
"925","krupp"
"926","kucaaosw"
"927","kulture"
"928","kupferman"
"929","kuss"
"930","kyrios"
"931","labarthete"
"932","labbe"
"933","labe"
"934","laborie"
"935","labroue"
"936","lacaze"
"937","lacretelle"
"938","ladurie"
"939","laffitte"
"940","laffont"
"941","lagarde"
"942","lagardelle"
"943","lamartine"
"944","lamartiniens"
"945","lambauer"
"946","lamirand"
"947","landry"
"948","lang=fr"
"949","lanore"
"950","lapi"
"951","lapouge"
"952","larguier"
"953","lars"
"954","laserre"
"955","lasserre"
"956","laubreaux"
"957","laura"
"958","laurence"
"959","laurent"
"960","laurent "
"961","laval"
"962","laval "
"963","lavalienne"
"964","lavalisme"
"965","lavauzelle"
"966","lavenir"
"967","leautaud"
"968","lebaudy"
"969","leben"
"970","lecene"
"971","leclerc"
"972","lecomte"
"973","leconte"
"974","lectoure"
"975","lefevre"
"976","legouve"
"977","lejeune"
"978","lelong"
"979","lemaire"
"980","lemartin"
"981","lemoine"
"982","leni"
"983","lenine"
"984","lenoire"
"985","leon"
"986","lequerica"
"987","leroy"
"988","lesca"
"989","lesur"
"990","lettres "
"991","leuilliot"
"992","levallois"
"993","levi"
"994","levy"
"995","libr"
"996","lica"
"997","liesne"
"998","lieven"
"999","lille"
"1000","limore"
"1001","lindon"
"1002","lisboa"
"1003","lisbonne"
"1004","lisle"
"1005","lockroy"
"1006","loewel"
"1007","loing"
"1008","loiseau"
"1009","loiseaux"
"1010","longchamp"
"1011","lorenzo"
"1012","louise"
"1013","louvre"
"1014","luce"
"1015","lucette"
"1016","luchaire"
"1017","lucia"
"1018","lucien"
"1019","lucrece"
"1020","luftwaffe"
"1021","luirard"
"1022","lustgarten"
"1023","luther"
"1024","lxxxvii"
"1025","lyautey"
"1026","lyne"
"1027","lyon"
"1028","mabire"
"1029","macao"
"1030","madrid"
"1031","magdeleine"
"1032","magic"
"1033","magny"
"1034","maillard"
"1035","maillol"
"1036","main "
"1037","maistre"
"1038","majorque"
"1039","malaquais"
"1040","malassis"
"1041","maleficie"
"1042","mallarme"
"1043","mallet"
"1044","malveneur"
"1045","malvezzi"
"1046","mandin"
"1047","manipulable"
"1048","manoel"
"1049","manouvre"
"1050","manquees "
"1051","marasqui"
"1052","marceau"
"1053","marcel"
"1054","marceline"
"1055","marco"
"1056","marechalisme"
"1057","marechaliste"
"1058","marechalistes"
"1059","margravou"
"1060","marianne"
"1061","marignan"
"1062","marinetti"
"1063","marion"
"1064","marius"
"1065","marivaux"
"1066","marrin"
"1067","marsan"
"1068","marsay"
"1069","marseille"
"1070","martens"
"1071","martin"
"1072","mascarille"
"1073","massis"
"1074","masson"
"1075","master"
"1076","mathieu"
"1077","mathilde"
"1078","matignon"
"1079","mauclair"
"1080","maulnier"
"1081","maurassiennes"
"1082","maurel"
"1083","mauriac"
"1084","maurras"
"1085","maurrassien"
"1086","maurrassienne"
"1087","maurrassiens"
"1088","maurrassisme"
"1089","maxence"
"1090","mayet"
"1091","mazeaud"
"1092","mazet"
"1093","mechin"
"1094","mecque"
"1095","medicis"
"1096","mein"
"1097","meletta"
"1098","meltz"
"1099","melun"
"1100","memorialdelashoah"
"1101","merano"
"1102","merimeennes"
"1103","merrill"
"1104","messein"
"1105","messine"
"1106","metaphorisation"
"1107","metropolitaine"
"1108","metternich"
"1109","meyer"
"1110","michael"
"1111","michel"
"1112","michele"
"1113","miii"
"1114","mikkelsen "
"1115","millenariste"
"1116","milton"
"1117","milza"
"1118","minor"
"1119","miomandre"
"1120","misciattelli"
"1121","missing"
"1122","mitterrand"
"1123","moderes "
"1124","modern"
"1125","modiano"
"1126","moi "
"1127","moliere"
"1128","monbrison"
"1129","mondor"
"1130","mongibeaux"
"1131","monique"
"1132","monjuich"
"1133","monnier"
"1134","monod"
"1135","montaigne"
"1136","montandon"
"1137","montclos"
"1138","montesquieu"
"1139","montherlant"
"1140","montjuich"
"1141","montoire"
"1142","montpellier"
"1143","monval"
"1144","morand"
"1145","morel"
"1146","morenu"
"1147","morice"
"1148","mornet"
"1149","mortemart"
"1150","morts "
"1151","moukden"
"1152","mouraille"
"1153","mours"
"1154","moustiers"
"1155","mozart"
"1156","mugnaio"
"1157","mugnier"
"1158","mugnier "
"1159","muhfeld"
"1160","muller"
"1161","munch"
"1162","mundi"
"1163","munich"
"1164","munichois"
"1165","murano"
"1166","murray"
"1167","musset"
"1168","mussolinatre"
"1169","mussolini"
"1170","mussolinienne"
"1171","myriam"
"1172","nabe"
"1173","nach"
"1174","nancy"
"1175","naples"
"1176","nathalie"
"1177","nation "
"1178","nationale "
"1179","nationales "
"1180","nativelle"
"1181","natura"
"1182","negationniste"
"1183","neofascistes"
"1184","neraud"
"1185","neret"
"1186","neron"
"1187","neuilly"
"1188","nice"
"1189","nicolas"
"1190","nicole"
"1191","nidda"
"1192","nietzscheisme"
"1193","nikita"
"1194","nivet"
"1195","nkw="
"1196","nmcaaoswebhemzc"
"1197","noailles"
"1198","noel"
"1199","noemie"
"1200","noesis"
"1201","nogues"
"1202","nord "
"1203","normalite"
"1204","normandie"
"1205","noud"
"1206","nouds"
"1207","nouv"
"1208","nunc"
"1209","nuremberg"
"1210","oberle"
"1211","occidentaliste"
"1212","occidentalistes"
"1213","occupation "
"1214","occupied"
"1215","oder"
"1216","offenstadt"
"1217","oliveira"
"1218","ombrie"
"1219","opposants"
"1220","orator"
"1221","order"
"1222","orleans"
"1223","orvieto"
"1224","osche"
"1225","osteria"
"1226","otto"
"1227","oudin"
"1228","oufs"
"1229","ourliac"
"1230","ouvr"
"1231","owen"
"1232","paestum"
"1233","painleve"
"1234","paleologue"
"1235","palerme"
"1236","palmacamini"
"1237","palois"
"1238","paquis"
"1239","paraitres"
"1240","pardes"
"1241","paris "
"1242","parnassisme"
"1243","partibus"
"1244","particolare"
"1245","partout "
"1246","pascot"
"1247","passy"
"1248","patricia"
"1249","patrick"
"1250","paugam"
"1251","paul"
"1252","paulhan"
"1253","pauline"
"1254","pawlowski"
"1255","paxton"
"1256","payot"
"1257","payr"
"1258","pedes"
"1259","peguy"
"1260","pellepoix"
"1261","pellissier"
"1262","pelorson"
"1263","pereire"
"1264","peripatetisant"
"1265","perny"
"1266","perouse"
"1267","perrault"
"1268","perret"
"1269","perrin"
"1270","peschanski"
"1271","pessis"
"1272","petain"
"1273","petainisme"
"1274","petainiste"
"1275","petainistes"
"1276","petrarca"
"1277","peyronnet"
"1278","phedre"
"1279","philip"
"1280","philippe"
"1281","phonix"
"1282","piazza"
"1283","picavert"
"1284","piccoli"
"1285","piero"
"1286","pierrel"
"1287","pietri"
"1288","piketty"
"1289","pindare"
"1290","pinon"
"1291","pisan"
"1292","pistora"
"1293","plateforme"
"1294","platon"
"1295","plon"
"1296","plues"
"1297","plume "
"1298","plumyene"
"1299","pnemzcd"
"1300","poeta"
"1301","poetisation"
"1302","poincare"
"1303","poitiers"
"1304","poizat"
"1305","polignac"
"1306","politiques "
"1307","ponche"
"1308","ponthierry"
"1309","pottecher"
"1310","pouey"
"1311","pourrat"
"1312","pourtales"
"1313","pozzi"
"1314","pozzo"
"1315","praviel"
"1316","preapprentissage"
"1317","preault"
"1318","prefasciste"
"1319","prefete"
"1320","prevost"
"1321","prices"
"1322","primoli"
"1323","pringny"
"1324","prison "
"1325","prohete"
"1326","promethee"
"1327","promoli"
"1328","promue"
"1329","promues"
"1330","propaganda"
"1331","propagandastaffel"
"1332","prosopographie"
"1333","prost"
"1334","proudhon"
"1335","proust"
"1336","proustienne"
"1337","provence"
"1338","pubblicato"
"1339","puisqu"
"1340","pygmalion"
"1341","q=id"
"1342","qdkaaoswxbpegc"
"1343","quelqu"
"1344","quicherat"
"1345","quoiqu"
"1346","rabelais"
"1347","radicalite"
"1348","ragache"
"1349","rahn"
"1350","raissac"
"1351","ramon"
"1352","ramuz"
"1353","rancour"
"1354","raphael"
"1355","ravel"
"1356","ravenne"
"1357","raymond"
"1358","realised"
"1359","reapproprie"
"1360","rebatet"
"1361","rebatet "
"1362","reboux"
"1363","recamier"
"1364","refusants"
"1365","regn"
"1366","regnier"
"1367","regulus"
"1368","reich"
"1369","remi"
"1370","remobilise"
"1371","remond"
"1372","remy"
"1373","renan"
"1374","renaud"
"1375","renault"
"1376","retail"
"1377","retronews"
"1378","retrouvailles"
"1379","review"
"1380","reynaldo"
"1381","rhenanie"
"1382","rhin"
"1383","rhone"
"1384","rhythme"
"1385","rialto"
"1386","ribbentrop"
"1387","richepin"
"1388","ricoeur"
"1389","rieder"
"1390","riefenstahl"
"1391","ringen"
"1392","riom"
"1393","rioux"
"1394","ripert"
"1395","ritz"
"1396","rivarol"
"1397","rivaud"
"1398","rivoire"
"1399","rochelle"
"1400","roger"
"1401","rohan"
"1402","roland"
"1403","roma"
"1404","rome"
"1405","romier"
"1406","ronsard"
"1407","roosevelt"
"1408","rosenberg"
"1409","rostand"
"1410","rothe"
"1411","rothschild"
"1412","rothwell"
"1413","rousso"
"1414","royautes "
"1415","rudolf"
"1416","rudyard"
"1417","saaosw~hbejcex"
"1418","sabdhi="
"1419","sabdlo="
"1420","sacat="
"1421","sacerdos"
"1422","sacha"
"1423","sadis="
"1424","sailly"
"1425","salamanque"
"1426","salazar"
"1427","salotto"
"1428","samihi="
"1429","samilow="
"1430","sane"
"1431","santa"
"1432","sanvoisin"
"1433","sapiro"
"1434","sarah"
"1435","sartre"
"1436","sartrienne"
"1437","satiriste"
"1438","sauckel"
"1439","sauvebois"
"1440","scheffer"
"1441","scheherazade"
"1442","scheikevitch"
"1443","schlangenbad"
"1444","schleier"
"1445","schmidkte"
"1446","schule"
"1447","schulen"
"1448","schumann"
"1449","scientifico"
"1450","sedopols"
"1451","segonzac"
"1452","seguier"
"1453","semencier"
"1454","senemaud"
"1455","sensuellement"
"1456","serant"
"1457","sertillanges"
"1458","sezille"
"1459","shakespeare"
"1460","shangai"
"1461","shoah"
"1462","sibalis"
"1463","sicard"
"1464","sicile"
"1465","sieburg"
"1466","siecle "
"1467","siegfried"
"1468","siegmaringen"
"1469","sigmaringen"
"1470","sigmaringen "
"1471","silvestro"
"1472","silvio"
"1473","simile"
"1474","simionesco"
"1475","simon"
"1476","simone"
"1477","sinanoglou"
"1478","sipo"
"1479","sirinelli"
"1480","slama"
"1481","slatkine"
"1482","snemad"
"1483","sniter"
"1484","socio"
"1485","solal"
"1486","solitaire "
"1487","sop="
"1488","sophocle"
"1489","soral"
"1490","sorbonne"
"1491","sordet"
"1492","sorel"
"1493","sorlot"
"1494","sottens"
"1495","soubigou"
"1496","soucy"
"1497","souday"
"1498","sour"
"1499","spina"
"1500","staffel"
"1501","staline"
"1502","stanislas"
"1503","stanley"
"1504","stefan"
"1505","stendhal"
"1506","stephanie"
"1507","stepherson"
"1508","stern"
"1509","sternhell"
"1510","stpos="
"1511","strauss"
"1512","stuart"
"1513","studies"
"1514","suddeutsche"
"1515","suffi"
"1516","suhard"
"1517","sully"
"1518","superculasse"
"1519","supervielle"
"1520","surrepresentation"
"1521","surrepresentes"
"1522","swann"
"1523","syros"
"1524","tabel"
"1525","tactualites"
"1526","tafforeau"
"1527","taguieff"
"1528","taigny"
"1529","taittinger"
"1530","tajan"
"1531","tallandier"
"1532","talleyrand"
"1533","tamateurisme"
"1534","tambroselli"
"1535","tarchives"
"1536","tardel"
"1537","tarticle"
"1538","tautres"
"1539","tavera"
"1540","tbainville"
"1541","tbazin"
"1542","tbonnard"
"1543","tbouilhet"
"1544","tbroglie"
"1545","tcertains"
"1546","tchabannes"
"1547","tchang"
"1548","tcheou"
"1549","tchong"
"1550","tconquerir"
"1551","tcorrespondance"
"1552","tdavid"
"1553","tdes"
"1554","tdictionnaire"
"1555","tdiscours"
"1556","tdiverses"
"1557","tdollot"
"1558","tduval"
"1559","tecrire"
"1560","tecrits"
"1561","teddy"
"1562","temps "
"1563","tempus"
"1564","tencore"
"1565","tenebre"
"1566","terracher"
"1567","tetudes"
"1568","tface"
"1569","tfayol"
"1570","tferraz"
"1571","tfigure"
"1572","tfranchet"
"1573","tgermain"
"1574","tgrad"
"1575","tgrunwald"
"1576","tguerin"
"1577","tharaud"
"1578","theatrum"
"1579","theil"
"1580","thenri"
"1581","therese"
"1582","therive"
"1583","thermant"
"1584","thesis"
"1585","thibaudet"
"1586","thibetain"
"1587","thierry"
"1588","thiers"
"1589","thistoire"
"1590","thistoriographie"
"1591","thoune"
"1592","tibre"
"1593","timorry"
"1594","titien"
"1595","titledesc="
"1596","tjacques"
"1597","tleclere"
"1598","tles"
"1599","tlettres"
"1600","tmais"
"1601","tmarcaggi"
"1602","tmarcel"
"1603","tmarcou"
"1604","tmariat"
"1605","tmaroc"
"1606","tministre"
"1607","tmusee"
"1608","tnovaro"
"1609","toan"
"1610","todt"
"1611","tokyo"
"1612","tolivier"
"1613","tony"
"1614","torino"
"1615","torresella"
"1616","toscanne"
"1617","toulouse"
"1618","touvrages"
"1619","tpapiers"
"1620","tperrault"
"1621","tphilippe"
"1622","tpotonniee"
"1623","tprefaces"
"1624","tpresse"
"1625","tpublications"
"1626","tqui"
"1627","tracou"
"1628","trahi "
"1629","trajan"
"1630","treactionnaire"
"1631","trehbinder"
"1632","trench"
"1633","trianon"
"1634","triantaphillis"
"1635","trivaud"
"1636","trocadero"
"1637","trochu"
"1638","tropicale "
"1639","troubier"
"1640","tsin"
"1641","tsources"
"1642","ttheoriser"
"1643","tuer "
"1644","tumest"
"1645","tunis"
"1646","turenne"
"1647","tusson"
"1648","tvallis"
"1649","tverger"
"1650","uaaoswffremzel"
"1651","udhi="
"1652","udlo="
"1653","ueaaosw"
"1654","ultracollaborationnisme"
"1655","ulysse"
"1656","umberto"
"1657","universalis"
"1658","unpjf"
"1659","uqkaaoswi"
"1660","uriage"
"1661","vacaresco"
"1662","vadon"
"1663","valery"
"1664","vallat"
"1665","valmore"
"1666","valois"
"1667","vaudoyer"
"1668","veillon"
"1669","venier"
"1670","venise"
"1671","venises"
"1672","venner"
"1673","ventripotence"
"1674","vercingetorix"
"1675","verl"
"1676","vermi "
"1677","verneuil"
"1678","vernus"
"1679","vero"
"1680","verone"
"1681","veronese"
"1682","versailles"
"1683","verum"
"1684","viala"
"1685","vichy "
"1686","vichysme"
"1687","vichyste"
"1688","vichystes"
"1689","victor"
"1690","vignaud"
"1691","vigny"
"1692","viie"
"1693","viii"
"1694","vincent"
"1695","viollet"
"1696","virgile"
"1697","virginia"
"1698","viriliste"
"1699","virulemment"
"1700","vivet"
"1701","vizzanova"
"1702","voice"
"1703","volkschaft"
"1704","volutare"
"1705","voux"
"1706","vrier"
"1707","wagnerisme"
"1708","wagram"
"1709","walpolesque"
"1710","watteau"
"1711","wehrmacht"
"1712","weimar"
"1713","weiss"
"1714","werth"
"1715","weygand"
"1716","wieviorka"
"1717","wiki"
"1718","wikidata"
"1719","wikipedia"
"1720","wilfred"
"1721","winock"
"1722","world"
"1723","wuhan"
"1724","xavier"
"1725","xianxian"
"1726","xiii"
"1727","xixe"
"1728","xlsx"
"1729","xvie"
"1730","xviiie"
"1731","xxiii"
"1732","xxix"
"1733","xxxv"
"1734","yagil"
"1735","yichang"
"1736","york"
"1737","youtube"
"1738","yvan"
"1739","yves"
"1740","yvon"
"1741","yvonne"
"1742","zanardelli"
"1743","zeev"
"1744","zeitung"
"1745","zemoun"
"1746","zemxzr"
"1747","zuliani"
"1748","zusammenbruch"
